{"cameraMode":{"drawMode":0,"name":"Shaded","section":"Shading Mode"},"sceneLighting":false,"audioPlay":false,"sceneViewState":{"showFog":true,"showMaterialUpdate":false,"showSkybox":true,"showFlares":true,"showImageEffects":true,"showParticleSystems":true},"in2DMode":false,"pivot":{"x":375.73004150390627,"y":206.5673065185547,"z":16.100000381469728},"rotation":{"x":0.05846662446856499,"y":0.0029952789191156627,"z":-0.00017329954425804317,"w":0.9982985854148865},"size":598.3576049804688,"orthographic":true}